paulreob,cb2fa5a8-bc09-42a2-8e69-bcc8ba050c4f
mfnalex,2214115f-fb07-49da-a954-8c757801be03
cazcez,dee0c76f-0ecb-429b-bc5c-db624d907910
1erdbeerkuchen,e4f6c6a1-c0eb-498d-8366-956e0b5dbc73
stullenesser_,95fb6212-0e54-4a92-91c6-621695750328
mtterry,06d5b100-a7c0-4dea-b08b-da9e5bbd3aed
vikxng,b0dd73b1-d5db-4b6a-bd9c-320eb69b4954
flurbudurbur,465b3f5f-3a10-4ab5-94b1-6ce7be8a8d70
theciromg,08646a0a-ff9e-4d78-8a1a-1d646cf85ea9
therev99,e1970038-a6a1-44e0-9e40-f1dd8855393c
tragon7,4b4b8d29-617f-44c6-95b6-8b6c8427d548
wolfy8198,64bd2a64-d569-4fd8-8bc3-417b7e5f2d51
acesgaminguk,2524abf0-7f55-4955-ab3d-a02a78093c45
pukejoy_1,be66fced-aad1-48b6-8e71-5d399590b36e
